"GEOCODIGO1","comsumo","GEOCODIGO","MUNICIPIO","UF"
220005,101.8,2200053,"Acauã","PI"
220025,97,2200251,"Alagoinha do Piauí","PI"
220027,40.2,2200277,"Alegrete do Piauí","PI"
220045,299.3,2200459,"Alvorada do Gurguéia","PI"
220070,101.2,2200707,"Anísio de Abreu","PI"
220090,109.1,2200905,"Aroazes","PI"
220095,-1,2200954,"Aroeiras do Itaim","PI"
220105,323.4,2201051,"Assunção do Piauí","PI"
220110,107.5,2201101,"Avelino Lopes","PI"
220155,-1,2201556,"Bela Vista do Piauí","PI"
220157,77.3,2201572,"Belém do Piauí","PI"
220170,127,2201705,"Bertolínia","PI"
220173,-1,2201739,"Betânia do Piauí","PI"
220180,121.8,2201804,"Bocaina","PI"
220190,157.6,2201903,"Bom Jesus","PI"
220192,89.7,2201929,"Bonfim do Piauí","PI"
220198,117.7,2201988,"Brejo do Piauí","PI"
220202,549.9,2202026,"Buriti dos Montes","PI"
220207,-1,2202075,"Cajazeiras do Piauí","PI"
220209,-1,2202091,"Caldeirão Grande do Piauí","PI"
220210,116.7,2202109,"Campinas do Piauí","PI"
220211,-1,2202117,"Campo Alegre do Fidalgo","PI"
220213,95.7,2202133,"Campo Grande do Piauí","PI"
220225,124.8,2202251,"Canavieira","PI"
220230,131.3,2202307,"Canto do Buriti","PI"
220245,275.8,2202455,"Capitão Gervásio Oliveira","PI"
220250,87.5,2202505,"Caracol","PI"
220255,79.8,2202554,"Caridade do Piauí","PI"
220260,103,2202604,"Castelo do Piauí","PI"
220275,109.6,2202752,"Colônia do Gurguéia","PI"
220277,115,2202778,"Colônia do Piauí","PI"
220280,124.5,2202802,"Conceição do Canindé","PI"
220285,117.4,2202851,"Coronel José Dias","PI"
220310,104.2,2203107,"Cristino Castro","PI"
220320,114.3,2203206,"Curimatá","PI"
220323,-1,2203230,"Currais","PI"
220327,82.5,2203271,"Curral Novo do Piauí","PI"
220335,85.2,2203354,"Dirceu Arcoverde","PI"
220340,119.8,2203404,"Dom Expedito Lopes","PI"
220342,117.2,2203420,"Domingos Mourão","PI"
220345,-1,2203453,"Dom Inocêncio","PI"
220360,124.7,2203602,"Eliseu Martins","PI"
220375,-1,2203750,"Fartura do Piauí","PI"
220380,125.9,2203800,"Flores do Piauí","PI"
220385,-1,2203859,"Floresta do Piauí","PI"
220415,-1,2204154,"Francisco Macedo","PI"
220420,83.4,2204204,"Francisco Santos","PI"
220430,108.2,2204303,"Fronteiras","PI"
220435,-1,2204352,"Geminiano","PI"
220455,99.7,2204550,"Guaribas","PI"
220470,112.1,2204709,"Inhuma","PI"
220480,98.6,2204808,"Ipiranga do Piauí","PI"
220490,125.6,2204907,"Isaías Coelho","PI"
220500,129.5,2205003,"Itainópolis","PI"
220510,112.9,2205102,"Itaueira","PI"
220515,129.6,2205151,"Jacobina do Piauí","PI"
220520,68.7,2205201,"Jaicós","PI"
220535,421.5,2205359,"João Costa","PI"
220551,106.5,2205516,"Juazeiro do Piauí","PI"
220552,115.7,2205524,"Júlio Borges","PI"
220553,104,2205532,"Jurema","PI"
220556,-1,2205565,"Lagoa do Barro do Piauí","PI"
220557,-1,2205573,"Lagoa de São Francisco","PI"
220559,-1,2205599,"Lagoa do Sítio","PI"
220590,110.7,2205904,"Manoel Emídio","PI"
220595,-1,2205953,"Marcolândia","PI"
220605,-1,2206050,"Massapê do Piauí","PI"
220635,80.7,2206357,"Milton Brandão","PI"
220650,94.3,2206506,"Monsenhor Hipólito","PI"
220665,-1,2206654,"Morro Cabeça no Tempo","PI"
220670,114.9,2206704,"Nazaré do Piauí","PI"
220690,124.1,2206902,"Novo Oriente do Piauí","PI"
220700,113.8,2207009,"Oeiras","PI"
220720,113.8,2207207,"Padre Marcos","PI"
220730,118.5,2207306,"Paes Landim","PI"
220735,66.4,2207355,"Pajeú do Piauí","PI"
220740,91.4,2207405,"Palmeira do Piauí","PI"
220755,137.1,2207553,"Paquetá","PI"
220777,104.2,2207777,"Patos do Piauí","PI"
220780,109.4,2207801,"Paulistana","PI"
220785,109,2207850,"Pavussu","PI"
220790,93.8,2207900,"Pedro II","PI"
220793,-1,2207934,"Pedro Laurentino","PI"
220795,122.8,2207959,"Nova Santa Rita","PI"
220800,125.9,2208007,"Picos","PI"
220810,112.7,2208106,"Pimenteiras","PI"
220820,107.9,2208205,"Pio IX","PI"
220830,109.4,2208304,"Piracuruca","PI"
220865,-1,2208650,"Queimada Nova","PI"
220870,-1,2208700,"Redenção do Gurguéia","PI"
220887,-1,2208874,"Ribeira do Piauí","PI"
220900,123.2,2209005,"Rio Grande do Piauí","PI"
220910,108.9,2209104,"Santa Cruz do Piauí","PI"
220915,107,2209153,"Santa Cruz dos Milagres","PI"
220930,99.4,2209302,"Santa Luz","PI"
220935,123.9,2209351,"Santana do Piauí","PI"
220937,115.9,2209377,"Santa Rosa do Piauí","PI"
220940,105.9,2209401,"Santo Antônio de Lisboa","PI"
220950,121.5,2209500,"Santo Inácio do Piauí","PI"
220955,74.9,2209559,"São Braz do Piauí","PI"
220965,115,2209658,"São Francisco de Assis do Piauí","PI"
220970,100.1,2209708,"São Francisco do Piauí","PI"
220985,123,2209856,"São João da Canabrava","PI"
220987,-1,2209872,"São João da Fronteira","PI"
220990,108.4,2209906,"São João da Serra","PI"
220995,86.7,2209955,"São João da Varjota","PI"
221000,118.7,2210003,"São João do Piauí","PI"
221005,91.4,2210052,"São José do Divino","PI"
221010,142.3,2210102,"São José do Peixe","PI"
221020,115.1,2210201,"São José do Piauí","PI"
221030,127.4,2210300,"São Julião","PI"
221035,109.2,2210359,"São Lourenço do Piauí","PI"
221037,121.7,2210375,"São Luis do Piauí","PI"
221039,-1,2210391,"São Miguel do Fidalgo","PI"
221040,105.2,2210409,"São Miguel do Tapuio","PI"
221060,116.4,2210607,"São Raimundo Nonato","PI"
221063,94.4,2210631,"Sebastião Leal","PI"
221070,98,2210706,"Simões","PI"
221080,114.3,2210805,"Simplício Mendes","PI"
221090,97.7,2210904,"Socorro do Piauí","PI"
221093,-1,2210938,"Sussuapara","PI"
221095,-1,2210953,"Tamboril do Piauí","PI"
221097,-1,2210979,"Tanque do Piauí","PI"
221130,117.6,2211308,"Valença do Piauí","PI"
221135,93.5,2211357,"Várzea Branca","PI"
221150,-1,2211506,"Vera Mendes","PI"
221160,-1,2211605,"Vila Nova do Piauí","PI"
221170,112.5,2211704,"Wall Ferraz","PI"
230010,91.3,2300101,"Abaiara","CE"
230015,168.8,2300150,"Acarape","CE"
230030,118.9,2300309,"Acopiara","CE"
230040,-1,2300408,"Aiuaba","CE"
230050,80.8,2300507,"Alcântaras","CE"
230060,101.9,2300606,"Altaneira","CE"
230070,77.9,2300705,"Alto Santo","CE"
230080,127.6,2300804,"Antonina do Norte","CE"
230090,109.4,2300903,"Apuiarés","CE"
230110,143.3,2301109,"Aracati","CE"
230120,200.7,2301208,"Aracoiaba","CE"
230125,113.6,2301257,"Ararendá","CE"
230130,89.2,2301307,"Araripe","CE"
230140,83.3,2301406,"Aratuba","CE"
230150,86.8,2301505,"Arneiroz","CE"
230160,104.3,2301604,"Assaré","CE"
230170,127.8,2301703,"Aurora","CE"
230180,91.1,2301802,"Baixio","CE"
230185,107.5,2301851,"Banabuiú","CE"
230190,115.3,2301901,"Barbalha","CE"
230195,176,2301950,"Barreira","CE"
230200,110.5,2302008,"Barro","CE"
230210,125.8,2302107,"Baturité","CE"
230240,71,2302404,"Boa Viagem","CE"
230250,-1,2302503,"Brejo Santo","CE"
230270,107,2302701,"Campos Sales","CE"
230280,89.2,2302800,"Canindé","CE"
230290,112.9,2302909,"Capistrano","CE"
230300,75.8,2303006,"Caridade","CE"
230310,112.8,2303105,"Cariré","CE"
230320,149.7,2303204,"Caririaçu","CE"
230330,142.1,2303303,"Cariús","CE"
230340,164.1,2303402,"Carnaubal","CE"
230360,69.5,2303600,"Catarina","CE"
230365,77.8,2303659,"Catunda","CE"
230370,112.9,2303709,"Caucaia","CE"
230380,123.6,2303808,"Cedro","CE"
230393,122.1,2303931,"Choró","CE"
230395,134,2303956,"Chorozinho","CE"
230400,98.2,2304004,"Coreaú","CE"
230410,101.4,2304103,"Crateús","CE"
230420,151,2304202,"Crato","CE"
230423,100.1,2304236,"Croatá","CE"
230426,112.6,2304269,"Deputado Irapuan Pinheiro","CE"
230427,121.5,2304277,"Ererê","CE"
230430,120.3,2304301,"Farias Brito","CE"
230435,80.3,2304350,"Forquilha","CE"
230450,144.8,2304509,"Frecheirinha","CE"
230460,98,2304608,"General Sampaio","CE"
230465,98.9,2304657,"Graça","CE"
230480,165.9,2304806,"Granjeiro","CE"
230490,100.6,2304905,"Groaíras","CE"
230500,114.6,2305001,"Guaraciaba do Norte","CE"
230510,139,2305100,"Guaramiranga","CE"
230520,88.1,2305209,"Hidrolândia","CE"
230523,121.9,2305233,"Horizonte","CE"
230526,-1,2305266,"Ibaretama","CE"
230530,105.1,2305308,"Ibiapina","CE"
230533,170.7,2305332,"Ibicuitinga","CE"
230535,442.3,2305357,"Icapuí","CE"
230540,186.8,2305407,"Icó","CE"
230550,135.5,2305506,"Iguatu","CE"
230560,97,2305605,"Independência","CE"
230565,-1,2305654,"Ipaporanga","CE"
230570,96.7,2305704,"Ipaumirim","CE"
230580,-1,2305803,"Ipu","CE"
230590,-1,2305902,"Ipueiras","CE"
230600,124.8,2306009,"Iracema","CE"
230610,28,2306108,"Irauçuba","CE"
230620,144.3,2306207,"Itaiçaba","CE"
230630,99.2,2306306,"Itapagé","CE"
230640,124.3,2306405,"Itapipoca","CE"
230650,131.7,2306504,"Itapiúna","CE"
230660,43.8,2306603,"Itatira","CE"
230670,87.3,2306702,"Jaguaretama","CE"
230680,105.5,2306801,"Jaguaribara","CE"
230690,110.1,2306900,"Jaguaribe","CE"
230700,161.9,2307007,"Jaguaruana","CE"
230710,-1,2307106,"Jardim","CE"
230720,108.8,2307205,"Jati","CE"
230730,120.3,2307304,"Juazeiro do Norte","CE"
230740,136.1,2307403,"Jucás","CE"
230750,126.1,2307502,"Lavras da Mangabeira","CE"
230760,218.7,2307601,"Limoeiro do Norte","CE"
230763,-1,2307635,"Madalena","CE"
230770,121.4,2307700,"Maranguape","CE"
230800,134.7,2308005,"Massapê","CE"
230810,118.6,2308104,"Mauriti","CE"
230820,93.1,2308203,"Meruoca","CE"
230830,93.2,2308302,"Milagres","CE"
230835,-1,2308351,"Milhã","CE"
230837,103.6,2308377,"Miraíma","CE"
230840,132.6,2308401,"Missão Velha","CE"
230850,103,2308500,"Mombaça","CE"
230860,90.7,2308609,"Monsenhor Tabosa","CE"
230870,118,2308708,"Morada Nova","CE"
230900,81,2309003,"Mucambo","CE"
230910,73.8,2309102,"Mulungu","CE"
230920,119.5,2309201,"Nova Olinda","CE"
230930,-1,2309300,"Nova Russas","CE"
230940,112.9,2309409,"Novo Oriente","CE"
230945,146.9,2309458,"Ocara","CE"
230950,142.5,2309508,"Orós","CE"
230960,112.4,2309607,"Pacajus","CE"
230980,54.1,2309805,"Pacoti","CE"
230990,122.1,2309904,"Pacujá","CE"
231000,183.8,2310001,"Palhano","CE"
231010,56.6,2310100,"Palmácia","CE"
231030,76.4,2310308,"Parambu","CE"
231040,95.7,2310407,"Paramoti","CE"
231050,102.8,2310506,"Pedra Branca","CE"
231060,127.7,2310605,"Penaforte","CE"
231070,124.9,2310704,"Pentecoste","CE"
231080,118.3,2310803,"Pereiro","CE"
231090,116.8,2310902,"Piquet Carneiro","CE"
231095,108.8,2310951,"Pires Ferreira","CE"
231100,134.1,2311009,"Poranga","CE"
231110,121.8,2311108,"Porteiras","CE"
231120,90,2311207,"Potengi","CE"
231123,99.1,2311231,"Potiretama","CE"
231126,101.2,2311264,"Quiterianópolis","CE"
231130,121.8,2311306,"Quixadá","CE"
231135,109.9,2311355,"Quixelô","CE"
231140,85.1,2311405,"Quixeramobim","CE"
231150,158.4,2311504,"Quixeré","CE"
231160,156.4,2311603,"Redenção","CE"
231170,112.1,2311702,"Reriutaba","CE"
231180,136.6,2311801,"Russas","CE"
231190,131.9,2311900,"Saboeiro","CE"
231195,0,2311959,"Salitre","CE"
231200,98.9,2312007,"Santana do Acaraú","CE"
231210,130,2312106,"Santana do Cariri","CE"
231220,123.5,2312205,"Santa Quitéria","CE"
231230,113.5,2312304,"São Benedito","CE"
231250,-1,2312502,"São João do Jaguaribe","CE"
231270,111.5,2312700,"Senador Pompeu","CE"
231290,154.1,2312908,"Sobral","CE"
231300,75.7,2313005,"Solonópole","CE"
231310,163.6,2313104,"Tabuleiro do Norte","CE"
231320,102.5,2313203,"Tamboril","CE"
231325,100.3,2313252,"Tarrafas","CE"
231330,87.3,2313302,"Tauá","CE"
231335,68,2313351,"Tejuçuoca","CE"
231340,125.4,2313401,"Tianguá","CE"
231360,128.5,2313609,"Ubajara","CE"
231370,99,2313708,"Umari","CE"
231375,124.9,2313757,"Umirim","CE"
231380,121,2313807,"Uruburetama","CE"
231395,116.1,2313955,"Varjota","CE"
231400,104.5,2314003,"Várzea Alegre","CE"
240010,54.2,2400109,"Acari","RN"
240020,105.9,2400208,"Açu","RN"
240030,93.2,2400307,"Afonso Bezerra","RN"
240040,84,2400406,"Água Nova","RN"
240050,106.7,2400505,"Alexandria","RN"
240060,100.6,2400604,"Almino Afonso","RN"
240070,122.5,2400703,"Alto do Rodrigues","RN"
240080,123.5,2400802,"Angicos","RN"
240090,0,2400901,"Antônio Martins","RN"
240100,123.9,2401008,"Apodi","RN"
240110,130.4,2401107,"Areia Branca","RN"
240130,94.8,2401305,"Augusto Severo","RN"
240145,109.5,2401453,"Baraúna","RN"
240150,89.4,2401503,"Barcelona","RN"
240160,113.5,2401602,"Bento Fernandes","RN"
240165,118.1,2401651,"Bodó","RN"
240170,129.6,2401701,"Bom Jesus","RN"
240180,155.1,2401800,"Brejinho","RN"
240185,88.3,2401859,"Caiçara do Norte","RN"
240190,171.5,2401909,"Caiçara do Rio do Vento","RN"
240200,101.5,2402006,"Caicó","RN"
240210,85.6,2402105,"Campo Redondo","RN"
240230,112.8,2402303,"Caraúbas","RN"
240240,0,2402402,"Carnaúba dos Dantas","RN"
240250,105.5,2402501,"Carnaubais","RN"
240270,92,2402709,"Cerro Corá","RN"
240280,82.2,2402808,"Coronel Ezequiel","RN"
240290,104.1,2402907,"Coronel João Pessoa","RN"
240300,94.8,2403004,"Cruzeta","RN"
240310,66,2403103,"Currais Novos","RN"
240320,60.6,2403202,"Doutor Severiano","RN"
240330,143.2,2403301,"Encanto","RN"
240340,85.7,2403400,"Equador","RN"
240370,96,2403707,"Felipe Guerra","RN"
240375,156.3,2403756,"Fernando Pedroza","RN"
240380,86.5,2403806,"Florânia","RN"
240390,99.3,2403905,"Francisco Dantas","RN"
240400,72,2404002,"Frutuoso Gomes","RN"
240410,-1,2404101,"Galinhos","RN"
240430,101.2,2404309,"Governador Dix-Sept Rosado","RN"
240440,131.8,2404408,"Grossos","RN"
240450,101.2,2404507,"Guamaré","RN"
240460,101.4,2404606,"Ielmo Marinho","RN"
240470,92.7,2404705,"Ipanguaçu","RN"
240480,109.5,2404804,"Ipueira","RN"
240485,-1,2404853,"Itajá","RN"
240490,94.9,2404903,"Itaú","RN"
240500,84.4,2405009,"Jaçanã","RN"
240510,88.6,2405108,"Jandaíra","RN"
240520,71.4,2405207,"Janduís","RN"
240530,140.4,2405306,"Januário Cicco","RN"
240540,97.6,2405405,"Japi","RN"
240550,90.1,2405504,"Jardim de Angicos","RN"
240560,73,2405603,"Jardim de Piranhas","RN"
240570,77,2405702,"Jardim do Seridó","RN"
240580,106.9,2405801,"João Câmara","RN"
240590,0,2405900,"João Dias","RN"
240600,95.9,2406007,"José da Penha","RN"
240610,95,2406106,"Jucurutu","RN"
240620,87.1,2406205,"Lagoa d'Anta","RN"
240630,92,2406304,"Lagoa de Pedras","RN"
240640,106,2406403,"Lagoa de Velhos","RN"
240650,116,2406502,"Lagoa Nova","RN"
240660,92.6,2406601,"Lagoa Salgada","RN"
240670,100.4,2406700,"Lajes","RN"
240680,90.2,2406809,"Lajes Pintadas","RN"
240690,91,2406908,"Lucrécia","RN"
240700,0,2407005,"Luís Gomes","RN"
240710,92.7,2407104,"Macaíba","RN"
240720,99.8,2407203,"Macau","RN"
240725,-1,2407252,"Major Sales","RN"
240730,110.6,2407302,"Marcelino Vieira","RN"
240740,95.7,2407401,"Martins","RN"
240760,42.7,2407609,"Messias Targino","RN"
240780,94.2,2407807,"Monte Alegre","RN"
240790,84.6,2407906,"Monte das Gameleiras","RN"
240800,113.5,2408003,"Mossoró","RN"
240830,98.3,2408300,"Nova Cruz","RN"
240840,100.7,2408409,"Olho D'Água do Borges","RN"
240850,80.4,2408508,"Ouro Branco","RN"
240860,52.2,2408607,"Paraná","RN"
240870,83.4,2408706,"Paraú","RN"
240880,84.4,2408805,"Parazinho","RN"
240890,97.1,2408904,"Parelhas","RN"
240910,81.1,2409100,"Passa e Fica","RN"
240920,106.7,2409209,"Passagem","RN"
240930,94,2409308,"Patu","RN"
240933,101.6,2409332,"Santa Maria","RN"
240940,93.2,2409407,"Pau dos Ferros","RN"
240950,119.9,2409506,"Pedra Grande","RN"
240960,156.7,2409605,"Pedra Preta","RN"
240970,106.9,2409704,"Pedro Avelino","RN"
240990,125.1,2409902,"Pendências","RN"
241000,21.3,2410009,"Pilões","RN"
241010,85.8,2410108,"Poço Branco","RN"
241020,93.3,2410207,"Portalegre","RN"
241025,100.1,2410256,"Porto do Mangue","RN"
241030,93.2,2410306,"Presidente Juscelino","RN"
241040,97.4,2410405,"Pureza","RN"
241050,63.4,2410504,"Rafael Fernandes","RN"
241060,223.6,2410603,"Rafael Godeiro","RN"
241070,86.7,2410702,"Riacho da Cruz","RN"
241080,29.1,2410801,"Riacho de Santana","RN"
241090,112.2,2410900,"Riachuelo","RN"
241100,91,2411007,"Rodolfo Fernandes","RN"
241105,159.1,2411056,"Tibau","RN"
241110,127.9,2411106,"Ruy Barbosa","RN"
241120,154.8,2411205,"Santa Cruz","RN"
241140,100.5,2411403,"Santana do Matos","RN"
241142,80,2411429,"Santana do Seridó","RN"
241150,76.7,2411502,"Santo Antônio","RN"
241160,95.8,2411601,"São Bento do Norte","RN"
241170,87.5,2411700,"São Bento do Trairí","RN"
241180,101.2,2411809,"São Fernando","RN"
241190,73.8,2411908,"São Francisco do Oeste","RN"
241210,114.1,2412104,"São João do Sabugi","RN"
241230,77.3,2412302,"São José do Campestre","RN"
241240,77.4,2412401,"São José do Seridó","RN"
241250,0,2412500,"São Miguel","RN"
241255,72.6,2412559,"São Miguel do Gostoso","RN"
241260,104.8,2412609,"São Paulo do Potengi","RN"
241270,107.4,2412708,"São Pedro","RN"
241280,84.3,2412807,"São Rafael","RN"
241290,99.6,2412906,"São Tomé","RN"
241300,90.5,2413003,"São Vicente","RN"
241310,98.3,2413102,"Senador Elói de Souza","RN"
241330,89.3,2413300,"Serra de São Bento","RN"
241335,39,2413359,"Serra do Mel","RN"
241340,117.2,2413409,"Serra Negra do Norte","RN"
241350,114,2413508,"Serrinha","RN"
241355,110.2,2413557,"Serrinha dos Pintos","RN"
241360,128,2413607,"Severiano Melo","RN"
241370,93.4,2413706,"Sítio Novo","RN"
241380,111.4,2413805,"Taboleiro Grande","RN"
241390,99.9,2413904,"Taipu","RN"
241400,105.6,2414001,"Tangará","RN"
241410,8.1,2414100,"Tenente Ananias","RN"
241415,107.1,2414159,"Tenente Laurentino Cruz","RN"
241430,76,2414308,"Timbaúba dos Batistas","RN"
241440,89.9,2414407,"Touros","RN"
241445,82.4,2414456,"Triunfo Potiguar","RN"
241450,91.8,2414506,"Umarizal","RN"
241460,119.3,2414605,"Upanema","RN"
241470,92.4,2414704,"Várzea","RN"
241475,128.7,2414753,"Venha-Ver","RN"
241480,115.8,2414803,"Vera Cruz","RN"
241490,108.1,2414902,"Viçosa","RN"
250010,86.1,2500106,"Água Branca","PB"
250020,97.9,2500205,"Aguiar","PB"
250053,108.6,2500536,"Alcantil","PB"
250057,-1,2500577,"Algodão de Jandaíra","PB"
250070,-1,2500700,"São João do Rio do Peixe","PB"
250073,114.8,2500734,"Amparo","PB"
250077,99.1,2500775,"Aparecida","PB"
250090,62.6,2500908,"Arara","PB"
250100,31.3,2501005,"Araruna","PB"
250115,84.5,2501153,"Areia de Baraúnas","PB"
250120,0,2501203,"Areial","PB"
250130,-1,2501302,"Aroeiras","PB"
250135,-1,2501351,"Assunção","PB"
250150,26.7,2501500,"Bananeiras","PB"
250153,-1,2501534,"Baraúna","PB"
250157,107.6,2501575,"Barra de Santana","PB"
250160,81.2,2501609,"Barra de Santa Rosa","PB"
250170,-1,2501708,"Barra de São Miguel","PB"
250200,84.6,2502003,"Belém do Brejo do Cruz","PB"
250205,0,2502052,"Bernardino Batista","PB"
250210,47.4,2502102,"Boa Ventura","PB"
250215,99.1,2502151,"Boa Vista","PB"
250220,96.8,2502201,"Bom Jesus","PB"
250230,87.1,2502300,"Bom Sucesso","PB"
250240,76.5,2502409,"Bonito de Santa Fé","PB"
250250,87.2,2502508,"Boqueirão","PB"
250260,75.5,2502607,"Igaracy","PB"
250280,105.9,2502805,"Brejo do Cruz","PB"
250290,83.2,2502904,"Brejo dos Santos","PB"
250310,92.4,2503100,"Cabaceiras","PB"
250330,77.7,2503308,"Cachoeira dos Indios","PB"
250340,83.4,2503407,"Cacimba de Areia","PB"
250350,23.5,2503506,"Cacimba de Dentro","PB"
250355,0,2503555,"Cacimbas","PB"
250360,47,2503605,"Caiçara","PB"
250370,92.1,2503704,"Cajazeiras","PB"
250375,96.1,2503753,"Cajazeirinhas","PB"
250390,87.5,2503902,"Camalaú","PB"
250400,104.7,2504009,"Campina Grande","PB"
250407,77.6,2504074,"Caraúbas","PB"
250410,0,2504108,"Carrapateira","PB"
250415,65.2,2504157,"Casserengue","PB"
250420,79.8,2504207,"Catingueira","PB"
250430,103.1,2504306,"Catolé do Rocha","PB"
250435,101.8,2504355,"Caturité","PB"
250440,92.8,2504405,"Conceição","PB"
250450,88.7,2504504,"Condado","PB"
250470,90.1,2504702,"Congo","PB"
250480,-1,2504801,"Coremas","PB"
250485,98.1,2504850,"Coxixola","PB"
250500,83.5,2505006,"Cubati","PB"
250510,0,2505105,"Cuité","PB"
250530,-1,2505303,"Curral Velho","PB"
250535,-1,2505352,"Damião","PB"
250540,0,2505402,"Desterro","PB"
250550,80.7,2505501,"Vista Serrana","PB"
250560,42.1,2505600,"Diamante","PB"
250570,-1,2505709,"Dona Inês","PB"
250590,67.2,2505907,"Emas","PB"
250600,13,2506004,"Esperança","PB"
250610,91,2506103,"Fagundes","PB"
250620,96.4,2506202,"Frei Martinho","PB"
250625,-1,2506251,"Gado Bravo","PB"
250650,83,2506509,"Gurjão","PB"
250660,94.3,2506608,"Ibiara","PB"
250670,76,2506707,"Imaculada","PB"
250680,101.9,2506806,"Ingá","PB"
250690,120.9,2506905,"Itabaiana","PB"
250700,84.1,2507002,"Itaporanga","PB"
250720,87.9,2507200,"Itatuba","PB"
250740,80.9,2507408,"Jericó","PB"
250770,114.8,2507705,"Juazeirinho","PB"
250780,-1,2507804,"Junco do Seridó","PB"
250800,82,2508000,"Juru","PB"
250810,80.3,2508109,"Lagoa","PB"
250830,84.1,2508307,"Lagoa Seca","PB"
250840,81.8,2508406,"Lastro","PB"
250850,86.3,2508505,"Livramento","PB"
250855,46.9,2508554,"Logradouro","PB"
250870,396.9,2508703,"Mãe d'Ã?gua","PB"
250880,81.5,2508802,"Malta","PB"
250900,80.3,2509008,"Manaíra","PB"
250915,82.5,2509156,"Marizópolis","PB"
250920,85.3,2509206,"Massaranduba","PB"
250937,75.8,2509370,"Mato Grosso","PB"
250939,50.8,2509396,"Maturéia","PB"
250940,100.1,2509404,"Mogeiro","PB"
250950,-1,2509503,"Montadas","PB"
250960,77.2,2509602,"Monte Horebe","PB"
250970,96,2509701,"Monteiro","PB"
250990,82.4,2509909,"Natuba","PB"
251000,-1,2510006,"Nazarezinho","PB"
251010,0,2510105,"Nova Floresta","PB"
251020,83.9,2510204,"Nova Olinda","PB"
251030,-1,2510303,"Nova Palmeira","PB"
251040,95.2,2510402,"Olho D'Água","PB"
251050,73.2,2510501,"Olivedos","PB"
251060,81,2510600,"Ouro Velho","PB"
251065,88.1,2510659,"Parari","PB"
251070,95.1,2510709,"Passagem","PB"
251080,105,2510808,"Patos","PB"
251090,93.8,2510907,"Paulista","PB"
251100,537.2,2511004,"Pedra Branca","PB"
251110,85.8,2511103,"Pedra Lavrada","PB"
251130,82.2,2511301,"Piancó","PB"
251140,82.5,2511400,"Picuí","PB"
251200,-1,2512002,"Pocinhos","PB"
251203,76.7,2512036,"Poço Dantas","PB"
251207,72.3,2512077,"Poço de José de Moura","PB"
251210,118.8,2512101,"Pombal","PB"
251220,82.9,2512200,"Prata","PB"
251230,41.3,2512309,"Princesa Isabel","PB"
251240,26.7,2512408,"Puxinanã","PB"
251250,80.3,2512507,"Queimadas","PB"
251260,92.6,2512606,"Quixabá","PB"
251270,0,2512705,"Remígio","PB"
251274,-1,2512747,"Riachão","PB"
251275,76.9,2512754,"Riachão do Bacamarte","PB"
251278,0,2512788,"Riacho de Santo Antônio","PB"
251280,-1,2512804,"Riacho dos Cavalos","PB"
251300,146.1,2513000,"Salgadinho","PB"
251310,104.3,2513109,"Salgado de São Félix","PB"
251315,-1,2513158,"Santa Cecília","PB"
251320,78.8,2513208,"Santa Cruz","PB"
251330,83.8,2513307,"Santa Helena","PB"
251335,151.2,2513356,"Santa Inês","PB"
251340,95.4,2513406,"Santa Luzia","PB"
251350,87.4,2513505,"Santana de Mangueira","PB"
251360,90.8,2513604,"Santana dos Garrotes","PB"
251365,72,2513653,"Santarém","PB"
251380,85.9,2513802,"Santa Teresinha","PB"
251385,-1,2513851,"Santo André","PB"
251390,90.3,2513901,"São Bento","PB"
251392,75,2513927,"São Bentinho","PB"
251394,92,2513943,"São Domingos do Cariri","PB"
251396,-1,2513968,"São Domingos","PB"
251398,70.5,2513984,"São Francisco","PB"
251400,84.6,2514008,"São João do Cariri","PB"
251410,-1,2514107,"São João do Tigre","PB"
251420,78.1,2514206,"São José da Lagoa Tapada","PB"
251430,89.3,2514305,"São José de Caiana","PB"
251440,90.3,2514404,"São José de Espinharas","PB"
251450,85.9,2514503,"São José de Piranhas","PB"
251455,-1,2514552,"São José de Princesa","PB"
251460,87.1,2514602,"São José do Bonfim","PB"
251465,44.1,2514651,"São José do Brejo do Cruz","PB"
251470,83.4,2514701,"São José do Sabugi","PB"
251480,91.2,2514800,"São José dos Cordeiros","PB"
251490,96.3,2514909,"São Mamede","PB"
251510,76.6,2515104,"São Sebastião de Lagoa de Roça","PB"
251520,139.2,2515203,"São Sebastião do Umbuzeiro","PB"
251540,76.6,2515401,"Seridó","PB"
251550,105.7,2515500,"Serra Branca","PB"
251570,86.1,2515708,"Serra Grande","PB"
251600,49.8,2516003,"Solânea","PB"
251610,99.7,2516102,"Soledade","PB"
251615,-1,2516151,"Sossêgo","PB"
251620,195.3,2516201,"Sousa","PB"
251630,115.6,2516300,"Sumé","PB"
251640,16.8,2516409,"Campo de Santana","PB"
251650,-1,2516508,"Taperoá","PB"
251660,91,2516607,"Tavares","PB"
251670,63.1,2516706,"Teixeira","PB"
251675,182.7,2516755,"Tenório","PB"
251680,0,2516805,"Triunfo","PB"
251690,97.1,2516904,"Uiraúna","PB"
251700,85.6,2517001,"Umbuzeiro","PB"
251710,83.1,2517100,"Várzea","PB"
251720,102.1,2517209,"Vieirópolis","PB"
251740,527,2517407,"Zabelê","PB"
260010,87.9,2600104,"Afogados da Ingazeira","PE"
260020,78.1,2600203,"Afrânio","PE"
260030,86.8,2600302,"Agrestina","PE"
260050,44.6,2600500,"Águas Belas","PE"
260060,0.6,2600609,"Alagoinha","PE"
260080,86.3,2600807,"Altinho","PE"
260100,81.7,2601003,"Angelim","PE"
260110,75.2,2601102,"Araripina","PE"
260120,63,2601201,"Arcoverde","PE"
260160,108.9,2601607,"Belém de São Francisco","PE"
260170,63.4,2601706,"Belo Jardim","PE"
260180,80.9,2601805,"Betânia","PE"
260190,83.7,2601904,"Bezerros","PE"
260200,87.2,2602001,"Bodocó","PE"
260210,93.1,2602100,"Bom Conselho","PE"
260220,51.7,2602209,"Bom Jardim","PE"
260240,70.1,2602407,"Brejão","PE"
260250,4.9,2602506,"Brejinho","PE"
260260,57.9,2602605,"Brejo da Madre de Deus","PE"
260280,55.2,2602803,"Buíque","PE"
260300,93.4,2603009,"Cabrobó","PE"
260310,76.8,2603108,"Cachoeirinha","PE"
260320,7.9,2603207,"Caetés","PE"
260330,48.8,2603306,"Calçado","PE"
260340,88.6,2603405,"Calumbi","PE"
260350,80.9,2603504,"Camocim de São Félix","PE"
260370,80.8,2603702,"Canhotinho","PE"
260380,8.8,2603801,"Capoeiras","PE"
260390,88.8,2603900,"Carnaíba","PE"
260392,118.2,2603926,"Carnaubeira da Penha","PE"
260410,94.2,2604106,"Caruaru","PE"
260415,67.9,2604155,"Casinhas","PE"
260430,76.9,2604304,"Cedro","PE"
260450,77,2604502,"Chã Grande","PE"
260470,79.5,2604700,"Correntes","PE"
260490,85.7,2604908,"Cumaru","PE"
260500,102.2,2605004,"Cupira","PE"
260510,56.6,2605103,"Custódia","PE"
260515,78.7,2605152,"Dormentes","PE"
260530,66.2,2605301,"Exu","PE"
260560,84.2,2605608,"Flores","PE"
260570,90,2605707,"Floresta","PE"
260580,59.7,2605806,"Frei Miguelinho","PE"
260600,97.6,2606002,"Garanhuns","PE"
260630,86.6,2606309,"Granito","PE"
260640,136.3,2606408,"Gravatá","PE"
260650,-1,2606507,"Iati","PE"
260660,81.4,2606606,"Ibimirim","PE"
260670,75.6,2606705,"Ibirajuba","PE"
260690,65.8,2606903,"Iguaraci","PE"
260700,170.6,2607000,"Inajá","PE"
260710,75.9,2607109,"Ingazeira","PE"
260730,72.5,2607307,"Ipubi","PE"
260740,100.1,2607406,"Itacuruba","PE"
260750,78.4,2607505,"Itaíba","PE"
260770,0.2,2607703,"Itapetim","PE"
260800,0,2608008,"Jataúba","PE"
260805,110.6,2608057,"Jatobá","PE"
260810,53.2,2608107,"João Alfredo","PE"
260825,9.9,2608255,"Jucati","PE"
260830,18.6,2608305,"Jupi","PE"
260840,75.1,2608404,"Jurema","PE"
260860,84.6,2608602,"Lagoa do Ouro","PE"
260870,88.4,2608701,"Lagoa dos Gatos","PE"
260875,78,2608750,"Lagoa Grande","PE"
260880,71.4,2608800,"Lajedo","PE"
260915,60.6,2609154,"Manari","PE"
260930,76.3,2609303,"Mirandiba","PE"
260970,56,2609709,"Orobó","PE"
260980,83.7,2609808,"Orocó","PE"
260990,100.3,2609907,"Ouricuri","PE"
261010,92.5,2610103,"Palmeirina","PE"
261020,66.7,2610202,"Panelas","PE"
261030,43,2610301,"Paranatama","PE"
261040,89.5,2610400,"Parnamirim","PE"
261050,61.3,2610509,"Passira","PE"
261080,10,2610806,"Pedra","PE"
261090,75.9,2610905,"Pesqueira","PE"
261100,114.4,2611002,"Petrolândia","PE"
261110,97.8,2611101,"Petrolina","PE"
261120,4,2611200,"Poção","PE"
261153,67.7,2611533,"Quixaba","PE"
261170,102.4,2611705,"Riacho das Almas","PE"
261200,107.8,2612000,"Sairé","PE"
261210,50.6,2612109,"Salgadinho","PE"
261220,94.5,2612208,"Salgueiro","PE"
261230,38.1,2612307,"Saloá","PE"
261240,54.1,2612406,"Sanharó","PE"
261245,81,2612455,"Santa Cruz","PE"
261247,77.3,2612471,"Santa Cruz da Baixa Verde","PE"
261250,45,2612505,"Santa Cruz do Capibaribe","PE"
261255,73.4,2612554,"Santa Filomena","PE"
261260,90.9,2612604,"Santa Maria da Boa Vista","PE"
261270,52.1,2612703,"Santa Maria do Cambucá","PE"
261280,63.8,2612802,"Santa Terezinha","PE"
261300,55.9,2613008,"São Bento do Una","PE"
261310,73.5,2613107,"São Caitano","PE"
261320,84.3,2613206,"São João","PE"
261330,87.3,2613305,"São Joaquim do Monte","PE"
261350,84.9,2613503,"São José do Belmonte","PE"
261360,57.5,2613602,"São José do Egito","PE"
261390,94.8,2613909,"Serra Talhada","PE"
261400,67.7,2614006,"Serrita","PE"
261410,63.6,2614105,"Sertânia","PE"
261430,69.2,2614303,"Moreilândia","PE"
261440,53.6,2614402,"Solidão","PE"
261450,68.4,2614501,"Surubim","PE"
261460,73.8,2614600,"Tabira","PE"
261470,75.2,2614709,"Tacaimbó","PE"
261480,83.9,2614808,"Tacaratu","PE"
261500,11.7,2615003,"Taquaritinga do Norte","PE"
261510,62.1,2615102,"Terezinha","PE"
261520,75.6,2615201,"Terra Nova","PE"
261540,50.8,2615409,"Toritama","PE"
261560,74.9,2615607,"Trindade","PE"
261570,51.5,2615706,"Triunfo","PE"
261580,69.3,2615805,"Tupanatinga","PE"
261590,48.2,2615904,"Tuparetama","PE"
261600,2.8,2616001,"Venturosa","PE"
261610,74.4,2616100,"Verdejante","PE"
261618,42.1,2616183,"Vertente do Lério","PE"
261620,58.3,2616209,"Vertentes","PE"
270010,91.7,2700102,"Água Branca","AL"
270030,102,2700300,"Arapiraca","AL"
270070,80.1,2700706,"Batalha","AL"
270090,117.1,2700904,"Belo Monte","AL"
270120,105.3,2701209,"Cacimbinhas","AL"
270160,97.6,2701605,"Canapi","AL"
270180,98.2,2701803,"Carneiros","AL"
270200,84.8,2702009,"Coité do Nóia","AL"
270235,99.8,2702355,"Craíbas","AL"
270240,78.1,2702405,"Delmiro Gouveia","AL"
270250,109.7,2702504,"Dois Riachos","AL"
270255,65.7,2702553,"Estrela de Alagoas","AL"
270290,107.3,2702900,"Girau do Ponciano","AL"
270310,88.1,2703106,"Igaci","AL"
270330,89.3,2703304,"Inhapi","AL"
270340,140.4,2703403,"Jacaré dos Homens","AL"
270370,65.2,2703700,"Jaramataia","AL"
270410,88.2,2704104,"Lagoa da Canoa","AL"
270440,86.6,2704401,"Major Isidoro","AL"
270460,95,2704609,"Maravilha","AL"
270500,90,2705002,"Mata Grande","AL"
270530,55.8,2705309,"Minador do Negrão","AL"
270540,118.2,2705408,"Monteirópolis","AL"
270570,121,2705705,"Olho d'Ã?gua das Flores","AL"
270580,64.5,2705804,"Olho d'Ã?gua do Casado","AL"
270600,107.8,2706000,"Olivença","AL"
270610,56.7,2706109,"Ouro Branco","AL"
270620,102.5,2706208,"Palestina","AL"
270630,116.8,2706307,"Palmeira dos Ã?ndios","AL"
270640,215.1,2706406,"Pão de Açúcar","AL"
270642,101.5,2706422,"Pariconha","AL"
270710,86.6,2707107,"Piranhas","AL"
270720,117.3,2707206,"Poço das Trincheiras","AL"
270760,78,2707602,"Quebrangulo","AL"
270800,122.3,2708006,"Santana do Ipanema","AL"
270840,99.7,2708402,"São José da Tapera","AL"
270895,83.1,2708956,"Senador Rui Palmeira","AL"
270920,56.3,2709202,"Traipu","AL"
280010,101.5,2800100,"Amparo de São Francisco","SE"
280020,93,2800209,"Aquidabã","SE"
280110,104.5,2801108,"Canhoba","SE"
280120,100.2,2801207,"Canindé de São Francisco","SE"
280140,88.2,2801405,"Carira","SE"
280160,114,2801603,"Cedro de São João","SE"
280190,166,2801900,"Cumbe","SE"
280220,106.7,2802205,"Feira Nova","SE"
280230,84,2802304,"Frei Paulo","SE"
280240,96.4,2802403,"Gararu","SE"
280260,119.1,2802601,"Gracho Cardoso","SE"
280310,134.7,2803104,"Itabi","SE"
280370,88.2,2803708,"Macambira","SE"
280420,96.6,2804201,"Monte Alegre de Sergipe","SE"
280445,121.5,2804458,"Nossa Senhora Aparecida","SE"
280450,114.5,2804508,"Nossa Senhora da Glória","SE"
280460,76.6,2804607,"Nossa Senhora das Dores","SE"
280470,104.2,2804706,"Nossa Senhora de Lourdes","SE"
280500,97,2805000,"Pedra Mole","SE"
280520,82.5,2805208,"Pinhão","SE"
280540,93.1,2805406,"Poço Redondo","SE"
280550,85,2805505,"Poço Verde","SE"
280560,87.5,2805604,"Porto da Folha","SE"
280570,105.8,2805703,"Propriá","SE"
280600,90,2806008,"Ribeirópolis","SE"
280700,85.3,2807006,"São Miguel do Aleixo","SE"
280710,85.2,2807105,"Simão Dias","SE"
280730,106.2,2807303,"Telha","SE"
280740,94.2,2807402,"Tobias Barreto","SE"
290010,-1,2900108,"Abaíra","BA"
290020,97.5,2900207,"Abaré","BA"
290035,95.1,2900355,"Adustina","BA"
290040,81,2900405,"Água Fria","BA"
290050,83.4,2900504,"Érico Cardoso","BA"
290100,90,2901007,"Amargosa","BA"
290115,79.6,2901155,"América Dourada","BA"
290120,97.4,2901205,"Anagé","BA"
290130,79.5,2901304,"Andaraí","BA"
290135,79.7,2901353,"Andorinha","BA"
290150,65.4,2901502,"Anguera","BA"
290160,78,2901601,"Antas","BA"
290170,83.9,2901700,"Antônio Cardoso","BA"
290180,84.3,2901809,"Antônio Gonçalves","BA"
290200,88.3,2902005,"Aracatu","BA"
290210,78.3,2902104,"Araci","BA"
290260,83.1,2902609,"Baixa Grande","BA"
290265,74.1,2902658,"Banzaê","BA"
290270,-1,2902708,"Barra","BA"
290280,101.9,2902807,"Barra da Estiva","BA"
290290,91.1,2902906,"Barra do Choça","BA"
290300,83.1,2903003,"Barra do Mendes","BA"
290323,83.3,2903235,"Barro Alto","BA"
290327,78.2,2903276,"Barrocas","BA"
290350,62.8,2903508,"Belo Campo","BA"
290360,86.6,2903607,"Biritinga","BA"
290370,87.9,2903706,"Boa Nova","BA"
290380,76.4,2903805,"Boa Vista do Tupim","BA"
290390,86.4,2903904,"Bom Jesus da Lapa","BA"
290395,77.4,2903953,"Bom Jesus da Serra","BA"
290400,89,2904001,"Boninal","BA"
290405,70.7,2904050,"Bonito","BA"
290410,-1,2904100,"Boquira","BA"
290420,124,2904209,"Botuporã","BA"
290430,70.5,2904308,"Brejões","BA"
290440,96.3,2904407,"Brejolândia","BA"
290450,89.4,2904506,"Brotas de Macaúbas","BA"
290460,106.5,2904605,"Brumado","BA"
290475,-1,2904753,"Buritirama","BA"
290480,64.3,2904803,"Caatiba","BA"
290485,79.6,2904852,"Cabaceiras do Paraguaçu","BA"
290500,97.5,2905008,"Caculé","BA"
290510,32.6,2905107,"Caém","BA"
290515,68.6,2905156,"Caetanos","BA"
290520,89.1,2905206,"Caetité","BA"
290530,74.5,2905305,"Cafarnaum","BA"
290550,96.4,2905503,"Caldeirão Grande","BA"
290590,79.2,2905909,"Campo Alegre de Lourdes","BA"
290600,78.9,2906006,"Campo Formoso","BA"
290620,83.5,2906204,"Canarana","BA"
290640,65.9,2906402,"Candeal","BA"
290660,98,2906600,"Candiba","BA"
290670,88.5,2906709,"Cândido Sales","BA"
290680,73.9,2906808,"Cansanção","BA"
290682,87.5,2906824,"Canudos","BA"
290685,134.3,2906857,"Capela do Alto Alegre","BA"
290687,109.6,2906873,"Capim Grosso","BA"
290689,102.7,2906899,"Caraíbas","BA"
290710,253.7,2907103,"Carinhanha","BA"
290720,185.4,2907202,"Casa Nova","BA"
290730,82.2,2907301,"Castro Alves","BA"
290755,85.8,2907558,"Caturama","BA"
290760,93.4,2907608,"Central","BA"
290770,84,2907707,"Chorrochó","BA"
290780,82.2,2907806,"Cícero Dantas","BA"
290790,97.4,2907905,"Cipó","BA"
290810,-1,2908101,"Cocos","BA"
290840,81.5,2908408,"Conceição do Coité","BA"
290870,91,2908705,"Condeúba","BA"
290880,86.4,2908804,"Contendas do Sincorá","BA"
290900,81.5,2909000,"Cordeiros","BA"
290910,156.2,2909109,"Coribe","BA"
290920,76.7,2909208,"Coronel João Sá","BA"
290950,76.6,2909505,"Cravolândia","BA"
290960,84.4,2909604,"Crisópolis","BA"
290990,73.3,2909901,"Curaçá","BA"
291010,-1,2910107,"Dom Basílio","BA"
291030,91.1,2910305,"Elísio Medrado","BA"
291040,83.9,2910404,"Encruzilhada","BA"
291070,89.6,2910701,"Euclides da Cunha","BA"
291075,82.5,2910750,"Fátima","BA"
291077,-1,2910776,"Feira da Mata","BA"
291080,83.8,2910800,"Feira de Santana","BA"
291085,87.5,2910859,"Filadélfia","BA"
291125,84.1,2911253,"Gavião","BA"
291130,95.6,2911303,"Gentio do Ouro","BA"
291140,92.2,2911402,"Glória","BA"
291165,76.3,2911659,"Guajeru","BA"
291170,111.7,2911709,"Guanambi","BA"
291185,78.3,2911857,"Heliópolis","BA"
291190,84.5,2911907,"Iaçu","BA"
291200,92.7,2912004,"Ibiassucê","BA"
291220,99.6,2912202,"Ibicoara","BA"
291240,101.1,2912400,"Ibipeba","BA"
291250,74.8,2912509,"Ibipitanga","BA"
291260,69.4,2912608,"Ibiquera","BA"
291300,77.5,2913002,"Ibitiara","BA"
291310,87.7,2913101,"Ibititá","BA"
291320,89.1,2913200,"Ibotirama","BA"
291330,70,2913309,"Ichu","BA"
291340,-1,2913408,"Igaporã","BA"
291350,90,2913507,"Iguaí","BA"
291370,91.3,2913705,"Inhambupe","BA"
291380,77.6,2913804,"Ipecaetá","BA"
291400,88.8,2914000,"Ipirá","BA"
291410,82,2914109,"Ipupiara","BA"
291420,102.3,2914208,"Irajuba","BA"
291430,97.6,2914307,"Iramaia","BA"
291440,82.8,2914406,"Iraquara","BA"
291460,111.2,2914604,"Irecê","BA"
291470,99.5,2914703,"Itaberaba","BA"
291500,94.6,2915007,"Itaeté","BA"
291510,86.9,2915106,"Itagi","BA"
291535,85.2,2915353,"Itaguaçu da Bahia","BA"
291580,95.6,2915809,"Itambé","BA"
291640,147.7,2916401,"Itapetinga","BA"
291650,83.7,2916500,"Itapicuru","BA"
291670,69.4,2916708,"Itaquara","BA"
291680,97.6,2916807,"Itarantim","BA"
291685,98.7,2916856,"Itatim","BA"
291690,106.7,2916906,"Itiruçu","BA"
291700,66.2,2917003,"Itiúba","BA"
291710,460.8,2917102,"Itororó","BA"
291720,86,2917201,"Ituaçu","BA"
291733,86.8,2917334,"Iuiú","BA"
291740,78.8,2917409,"Jacaraci","BA"
291750,93.1,2917508,"Jacobina","BA"
291760,77,2917607,"Jaguaquara","BA"
291770,88.4,2917706,"Jaguarari","BA"
291800,94.5,2918001,"Jequié","BA"
291810,92.2,2918100,"Jeremoabo","BA"
291835,89,2918357,"João Dourado","BA"
291840,288.5,2918407,"Juazeiro","BA"
291850,87.7,2918506,"Jussara","BA"
291860,111.9,2918605,"Jussiape","BA"
291870,90.4,2918704,"Lafaiete Coutinho","BA"
291875,80.8,2918753,"Lagoa Real","BA"
291900,75.7,2919009,"Lajedinho","BA"
291905,71.3,2919058,"Lajedo do Tabocal","BA"
291910,75.9,2919108,"Lamarão","BA"
291915,92.5,2919157,"Lapão","BA"
291930,104.5,2919306,"Lençóis","BA"
291940,75.6,2919405,"Licínio de Almeida","BA"
291950,94.9,2919504,"Livramento de Nossa Senhora","BA"
291960,73.3,2919603,"Macajuba","BA"
291970,182.4,2919702,"Macarani","BA"
291980,67.5,2919801,"Macaúbas","BA"
291990,89,2919900,"Macururé","BA"
291995,91.9,2919959,"Maetinga","BA"
292000,100.4,2920007,"Maiquinique","BA"
292010,62.4,2920106,"Mairi","BA"
292020,91,2920205,"Malhada","BA"
292030,100.5,2920304,"Malhada de Pedras","BA"
292040,80.3,2920403,"Manoel Vitorino","BA"
292050,83.3,2920502,"Maracás","BA"
292080,87.3,2920809,"Marcionílio Souza","BA"
292105,83.6,2921054,"Matina","BA"
292120,85,2921203,"Miguel Calmon","BA"
292130,91.4,2921302,"Milagres","BA"
292140,83.6,2921401,"Mirangaba","BA"
292145,76.9,2921450,"Mirante","BA"
292150,71.7,2921500,"Monte Santo","BA"
292160,88,2921609,"Morpará","BA"
292170,83.8,2921708,"Morro do Chapéu","BA"
292180,81,2921807,"Mortugaba","BA"
292190,154,2921906,"Mucugê","BA"
292205,86.5,2922052,"Mulungu do Morro","BA"
292210,60.9,2922102,"Mundo Novo","BA"
292225,86.3,2922250,"Muquém de São Francisco","BA"
292265,69.2,2922656,"Nordestina","BA"
292270,89.3,2922706,"Nova Canaã","BA"
292273,102.1,2922730,"Nova Fátima","BA"
292280,69.2,2922805,"Nova Itarana","BA"
292285,73.8,2922854,"Nova Redenção","BA"
292290,85.2,2922904,"Nova Soure","BA"
292303,0,2923035,"Novo Horizonte","BA"
292305,54.7,2923050,"Novo Triunfo","BA"
292310,92.6,2923100,"Olindina","BA"
292320,142.6,2923209,"Oliveira dos Brejinhos","BA"
292335,86.2,2923357,"Ourolândia","BA"
292340,96.7,2923407,"Palmas de Monte Alto","BA"
292350,82.5,2923506,"Palmeiras","BA"
292360,98.8,2923605,"Paramirim","BA"
292370,-1,2923704,"Paratinga","BA"
292380,76.8,2923803,"Paripiranga","BA"
292400,105.9,2924009,"Paulo Afonso","BA"
292405,89.4,2924058,"Pé de Serra","BA"
292420,72.6,2924207,"Pedro Alexandre","BA"
292430,-1,2924306,"Piatã","BA"
292440,-1,2924405,"Pilão Arcado","BA"
292450,101.6,2924504,"Pindaí","BA"
292460,-1,2924603,"Pindobaçu","BA"
292465,81,2924652,"Pintadas","BA"
292470,76.1,2924702,"Piripá","BA"
292480,76.8,2924801,"Piritiba","BA"
292490,68.8,2924900,"Planaltino","BA"
292500,76.7,2925006,"Planalto","BA"
292510,90,2925105,"Poções","BA"
292525,56.5,2925253,"Ponto Novo","BA"
292540,122.6,2925402,"Potiraguá","BA"
292560,96.5,2925600,"Presidente Dutra","BA"
292570,82.1,2925709,"Presidente Jânio Quadros","BA"
292580,96.7,2925808,"Queimadas","BA"
292590,76.9,2925907,"Quijingue","BA"
292593,64.3,2925931,"Quixabeira","BA"
292595,86.2,2925956,"Rafael Jambeiro","BA"
292600,411.5,2926004,"Remanso","BA"
292610,75.7,2926103,"Retirolândia","BA"
292630,100.2,2926301,"Riachão do Jacuípe","BA"
292640,-1,2926400,"Riacho de Santana","BA"
292650,90,2926509,"Ribeira do Amparo","BA"
292660,91.5,2926608,"Ribeira do Pombal","BA"
292665,96.3,2926657,"Ribeirão do Largo","BA"
292670,90.6,2926707,"Rio de Contas","BA"
292680,90,2926806,"Rio do Antônio","BA"
292690,87.8,2926905,"Rio do Pires","BA"
292710,66.1,2927101,"Rodelas","BA"
292720,85.7,2927200,"Ruy Barbosa","BA"
292750,72.1,2927507,"Santa Bárbara","BA"
292760,80.1,2927606,"Santa Brígida","BA"
292790,86.5,2927903,"Santa Inês","BA"
292800,66.1,2928000,"Santaluz","BA"
292820,94.1,2928208,"Santana","BA"
292830,79.6,2928307,"Santanópolis","BA"
292850,98.2,2928505,"Santa Teresinha","BA"
292880,82.8,2928802,"Santo Estêvão","BA"
292895,98.6,2928950,"São Domingos","BA"
292905,142.9,2929057,"São Félix do Coribe","BA"
292925,92.8,2929255,"São Gabriel","BA"
292937,85.5,2929370,"São José do Jacuípe","BA"
292970,87.6,2929701,"Sátiro Dias","BA"
292980,65.2,2929800,"Saúde","BA"
292990,80.2,2929909,"Seabra","BA"
293000,234.9,2930006,"Sebastião Laranjeiras","BA"
293010,91.3,2930105,"Senhor do Bonfim","BA"
293015,-1,2930154,"Serra do Ramalho","BA"
293020,-1,2930204,"Sento Sé","BA"
293030,80.4,2930303,"Serra Dourada","BA"
293040,75.3,2930402,"Serra Preta","BA"
293050,90.4,2930501,"Serrinha","BA"
293060,90.2,2930600,"Serrolândia","BA"
293075,-1,2930758,"Sítio do Mato","BA"
293076,81.3,2930766,"Sítio do Quinto","BA"
293077,128.2,2930774,"Sobradinho","BA"
293080,62.5,2930808,"Souto Soares","BA"
293090,126.2,2930907,"Tabocas do Brejo Velho","BA"
293100,167.6,2931004,"Tanhaçu","BA"
293105,78.2,2931053,"Tanque Novo","BA"
293110,80.8,2931103,"Tanquinho","BA"
293130,60.2,2931301,"Tapiramutá","BA"
293150,75.2,2931509,"Teofilândia","BA"
293180,108.3,2931806,"Tremedal","BA"
293190,88.3,2931905,"Tucano","BA"
293200,84.1,2932002,"Uauá","BA"
293210,76.5,2932101,"Ubaíra","BA"
293240,97.8,2932408,"Uibaí","BA"
293245,63.6,2932457,"Umburanas","BA"
293260,-1,2932606,"Urandi","BA"
293280,82.5,2932804,"Utinga","BA"
293300,77.9,2933000,"Valente","BA"
293305,85.6,2933059,"Várzea da Roça","BA"
293310,66.4,2933109,"Várzea do Poço","BA"
293315,76.7,2933158,"Várzea Nova","BA"
293330,90.9,2933307,"Vitória da Conquista","BA"
293340,79.7,2933406,"Wagner","BA"
293360,326.8,2933604,"Xique-Xique","BA"
310100,107.7,3101003,"Águas Vermelhas","MG"
310170,124.2,3101706,"Almenara","MG"
310270,69.5,3102704,"Cachoeira de Pajeú","MG"
310340,127.7,3103405,"Araçuaí","MG"
310520,97.9,3105202,"Bandeira","MG"
310650,54.2,3106507,"Berilo","MG"
310665,139.9,3106655,"Berizal","MG"
310825,132.3,3108255,"Bonito de Minas","MG"
311270,89.3,3112703,"Capitão Enéas","MG"
311300,69.1,3113008,"Caraí","MG"
311547,92.2,3115474,"Catuti","MG"
311610,30.3,3116100,"Chapada do Norte","MG"
311700,73.8,3117009,"Comercinho","MG"
311783,85.6,3117836,"Cônego Marinho","MG"
311950,107.9,3119500,"Coronel Murta","MG"
312030,110.9,3120300,"Cristália","MG"
312087,84.1,3120870,"Curral de Dentro","MG"
312235,112.1,3122355,"Divisa Alegre","MG"
312245,87.9,3122454,"Divisópolis","MG"
312430,151.7,3124302,"Espinosa","MG"
312560,100.1,3125606,"Felisburgo","MG"
312650,76,3126505,"Francisco Badaró","MG"
312670,112,3126703,"Francisco Sá","MG"
312707,80.9,3127073,"Fruta de Leite","MG"
312733,-1,3127339,"Gameleiras","MG"
312780,96.3,3127800,"Grão Mogol","MG"
312965,114.3,3129657,"Ibiracatu","MG"
313065,98.3,3130655,"Indaiabira","MG"
313210,111.4,3132107,"Itacarambi","MG"
313330,124,3133303,"Itaobim","MG"
313400,89.5,3134004,"Itinga","MG"
313470,103.7,3134707,"Jacinto","MG"
313505,127.9,3135050,"Jaíba","MG"
313510,125.8,3135100,"Janaúba","MG"
313520,127.2,3135209,"Januária","MG"
313535,124.2,3135357,"Japonvar","MG"
313545,89.9,3135456,"Jenipapo de Minas","MG"
313580,106.5,3135803,"Jequitinhonha","MG"
313600,102.8,3136009,"Joaíma","MG"
313650,111.1,3136504,"Jordânia","MG"
313652,81.5,3136520,"José Gonçalves de Minas","MG"
313657,72,3136579,"Josenópolis","MG"
313695,106.4,3136959,"Juvenília","MG"
313865,101.5,3138658,"Lontra","MG"
313925,-1,3139250,"Mamonas","MG"
313930,129.5,3139300,"Manga","MG"
314055,110.3,3140555,"Mata Verde","MG"
314085,132.8,3140852,"Matias Cardoso","MG"
314100,112.7,3141009,"Mato Verde","MG"
314140,95.4,3141405,"Medina","MG"
314225,143.4,3142254,"Miravânia","MG"
314270,124.3,3142700,"Montalvânia","MG"
314290,131.3,3142908,"Monte Azul","MG"
314315,66.8,3143153,"Monte Formoso","MG"
314345,101.2,3143450,"Montezuma","MG"
314465,132.1,3144656,"Ninheira","MG"
314505,166.2,3145059,"Nova Porteirinha","MG"
314530,85.6,3145307,"Novo Cruzeiro","MG"
314537,90.3,3145372,"Novorizonte","MG"
314625,85.7,3146255,"Padre Carvalho","MG"
314630,105.4,3146305,"Padre Paraíso","MG"
314655,139.6,3146552,"Pai Pedro","MG"
314795,112.5,3147956,"Patis","MG"
314870,94.5,3148707,"Pedra Azul","MG"
314915,95.3,3149150,"Pedras de Maria da Cruz","MG"
315217,86.5,3152170,"Ponto dos Volantes","MG"
315220,176.8,3152204,"Porteirinha","MG"
315450,104.3,3154507,"Riacho dos Machados","MG"
315560,102.6,3155603,"Rio Pardo de Minas","MG"
315650,86.9,3156502,"Rubelita","MG"
315660,101.3,3156601,"Rubim","MG"
315700,111.1,3157005,"Salinas","MG"
315710,130.6,3157104,"Salto da Divisa","MG"
315737,66.9,3157377,"Santa Cruz de Salinas","MG"
315810,99.7,3158102,"Santa Maria do Salto","MG"
316045,113.9,3160454,"Santo Antônio do Retiro","MG"
316240,106.2,3162401,"São João da Ponte","MG"
316245,153.4,3162450,"São João das Missões","MG"
316270,118.2,3162708,"São João do Paraíso","MG"
316695,130.2,3166956,"Serranópolis de Minas","MG"
316800,98.5,3168002,"Taiobeiras","MG"
317065,105.6,3170651,"Vargem Grande do Rio Pardo","MG"
317090,134,3170909,"Varzelândia","MG"
317103,112.5,3171030,"Verdelândia","MG"
317160,123.1,3171600,"Virgem da Lapa","MG"
